DateTime,TweetId,Text,Username,Displayname,Language,Hashtags,ReplyCount,RetweetCount,LikeCount,QuoteCount
2023-06-26 23:11:40+00:00,1673469104571707400,"Am worth more than that (as the son of a penniless immigrant), but I gladly took a 90% pay cut to fight every day for 30 million Texans. 

Why does @StephenKing ignore EVERY WORD I said about the people hurt by the #BidenBorderCrisis ?

Because rich Hollywood liberals simply don‚Äôt give a damn about the people their policies hurt.",tedcruz,Ted Cruz,en,['BidenBorderCrisis'],1570,1417,10355,95
2023-06-26 23:05:33+00:00,1673467563399958530,"Sadly, the radical left routinely engages in excitement to violence. 

But trying to teach it to young kids, that‚Äôs a new low for them‚Ä¶.",tedcruz,Ted Cruz,en,,563,652,2217,38
2023-06-26 23:03:05+00:00,1673466945386033152,"The ‚Å¶@HoustonChron‚Å© slavishly reprints the dishonest ‚Å¶@PolitiFact‚Å© partisan hit piece. They should be ashamed.

Here‚Äôs my earlier response, which focuses on, you know, actual FACTS:

https://t.co/3Qmc8RPvh1 https://t.co/Bui8BKrx0a",tedcruz,Ted Cruz,en,,92,43,270,5
2023-06-26 22:09:53+00:00,1673453556949557248,"If Merrick Garland lied when he said there was no political interference from the DOJ in the investigation of Hunter Biden, he committed a criminal offense with serious jail time. 

I'm calling for a special counsel‚Äînot a Garland henchman‚Äîto investigate. https://t.co/KTBKERAaGi",tedcruz,Ted Cruz,en,,398,354,1572,11
2023-06-26 20:22:24+00:00,1673426506469523456,"I‚Äôve repeatedly said if the allegations are false, Joe Biden could clear this up by being transparent &amp; sharing the truth with the American people.

He‚Äôs instead had his administration &amp; the DOJ completely stonewall at every turn.",tedcruz,Ted Cruz,en,,840,898,3656,42
2023-06-26 18:39:33+00:00,1673400621603364868,Cruz calls for special counsel to probe AG Garland while House GOP threatens impeachment inquiry | Washington Times https://t.co/PO89jANywu,tedcruz,Ted Cruz,en,,523,222,1464,25
2023-06-26 18:25:17+00:00,1673397034110394369,"Multi-millionaire Leftist @StephenKing sits in his mansion in Maine and laughs at the kids being abused & the women being sexually assaulted on our Southern border. 

He doesn‚Äôt give a damn about their suffering‚Äîor about the 853 migrants who died last year or the 100k Americans who died of drug overdoses. 

Nope. What does he want to talk about? Cancun. ü§¶‚Äç‚ôÇÔ∏è",tedcruz,Ted Cruz,en,,4922,2320,13201,385
2023-06-26 18:20:01+00:00,1673395708198526977,"üö®üö®Important:  

Cruz points out Biden admin is now officially boycotting Israel - American Thinker https://t.co/Xdyqe0N62r",tedcruz,Ted Cruz,en,,151,178,443,14
2023-06-26 17:13:25+00:00,1673378948800192513,"At this point, the evidence that Merrick Garland personally committed multiple felonies is growing. 

The chances that the DOJ will fairly investigate evidence of his obstruction of justice &amp; perjury are zero.

More on the latest episode of #Verdict! https://t.co/KTBKERAIvQ https://t.co/6Cnzh1jw74",tedcruz,Ted Cruz,en,['Verdict'],542,425,1402,32
2023-06-26 16:25:13+00:00,1673366816696029184,üëÄ,tedcruz,Ted Cruz,art,,55,50,369,1
2023-06-26 15:12:06+00:00,1673348416137580544,"Welcome news from our colleagues in the House. 

As I discuss on the latest episode of #Verdict, there is serious evidence that Merrick Garland lied to me, under oath, when I questioned him about his role in obstructing the Hunter Biden probe. https://t.co/9wuQoqsNCF",tedcruz,Ted Cruz,en,['Verdict'],339,331,1541,22
2023-06-26 14:12:40+00:00,1673333461447221249,"The Biden administration hoped that their lapdogs in the media would continue to hide the mounting evidence of corruption involving Joe Biden. 

It is getting so bad that even the corrupt corporate media can't ignore this anymore! #Verdict https://t.co/9wuQoqsNCF",tedcruz,Ted Cruz,en,['Verdict'],267,165,676,13
2023-06-26 11:53:33+00:00,1673298450664833024,"Bombshell: Did Merrick Garland Commit Perjury &amp; Obstruction of Justice? 

Tune in now to the latest episode of #Verdict wherever you get your podcasts!  https://t.co/9wuQoqsNCF https://t.co/YDy6F11qht",tedcruz,Ted Cruz,en,['Verdict'],731,351,1628,39
2023-06-26 00:16:36+00:00,1673123056326156289,"You‚Äôre not going to want to miss tomorrow‚Äôs episode of #Verdict.

We do a deep dive on the mounting evidence of Joe Biden‚Äôs corruption &amp; Merrick Garland‚Äôs stonewalling. 

Be sure to download &amp; listen wherever you get your podcasts! https://t.co/9KT8eY8pOF",tedcruz,Ted Cruz,en,['Verdict'],523,289,1399,22
2023-06-25 20:58:49+00:00,1673073282130620419,"3/x The Biden administration defends funding scientific research in Wuhan with the Chinese Communist Party, but they‚Äôre discriminating against and banning cooperation with Jews based on where they live.",tedcruz,Ted Cruz,en,,19,99,663,0
2023-06-25 20:58:49+00:00,1673073283477000195,"4/x As I said earlier, I will do everything possible to reverse this decision and prohibit such antisemitic discrimination by the U.S. government in the future.",tedcruz,Ted Cruz,en,,51,75,711,3
2023-06-25 20:58:48+00:00,1673073280729722886,"2/x This new boycott of Israeli Jews is yet another example. The State Department is telling the entire U.S. government not to cooperate with Jews in Judea and Samaria. And, of course, it was sent to Congress in secret and only revealed because reporters found out.",tedcruz,Ted Cruz,en,,19,80,603,0
2023-06-25 20:58:43+00:00,1673073258621464579,"1/x Joe Biden and Biden administration officials are pathologically obsessed with undermining Israel. Since day one of their administration, they have launched campaigns against our Israeli allies that are granular, whole of government, and done in secret.",tedcruz,Ted Cruz,en,,445,457,2798,46
2023-06-25 20:03:11+00:00,1673059282743357442,"If you wanted to eliminate women's sports, you'd embrace the radical Democratic agenda of saying, ""Let biological males compete against women.""

You would see women's sports disappear. #Verdict https://t.co/O1lXqhwNvZ",tedcruz,Ted Cruz,en,['Verdict'],175,123,679,11
2023-06-25 18:05:40+00:00,1673029708047319044,"Sadly predictable but still absolutely outrageous. 

This is brazen, explicit, obsessive discrimination against Israeli Jews based on where they live and work. 

I will do everything possible to reverse this decision & prohibit such antisemitic discrimination by the U.S. government in the future.",tedcruz,Ted Cruz,en,,130,183,836,13
2023-06-24 23:39:19+00:00,1672751284456239105,"If Merrick Garland really issued an order prohibiting further investigation into Hunter Biden's business dealings as the IRS whistleblower alleges, then I think there's real evidence that he's guilty of obstruction of justice.
https://t.co/O1lXqhwNvZ",tedcruz,Ted Cruz,en,,1131,1226,4716,71
2023-06-24 18:50:50+00:00,1672678686091358209,"It's really valuable for girls to be able to compete &amp; have the benefits of sports. 

I think many girls would be thoroughly discouraged if they had to play sports against boys that were larger &amp; stronger. #Verdict

https://t.co/O1lXqhwNvZ",tedcruz,Ted Cruz,en,['Verdict'],259,77,640,17
2023-06-24 15:33:51+00:00,1672629113033486336,"The IRS whistleblowers' allegations are as close to direct evidence of bribery &amp; extortion as I've ever seen.

This WhatsApp looks like evidence of Joe Biden abusing his power to enrich his son‚Äîand assuming 10% for the big guy‚Äîalso himself. 
https://t.co/O1lXqhwNvZ",tedcruz,Ted Cruz,en,,511,240,1037,24
2023-06-24 12:36:09+00:00,1672584394962337794,"One year ago today, millions of Americans who value the sanctity of life rejoiced after the Supreme Court rightfully returned the power to make abortion laws to the states. 

Tens of thousands of precious lives have been saved as a result of this historic decision‚Äîa number that will continue to grow exponentially in the years to come. 

I am forever grateful for the passion & dedication of the countless advocates who fought for decades to protect the lives of the unborn.",tedcruz,Ted Cruz,en,,1245,335,3019,72
2023-06-24 00:56:18+00:00,1672408270676414465,"If there were a single Democrat who gave a damn about the rule of law, we would have a hearing right now with Merrick Garland in front of the Senate Judiciary Committee under oath, asking about the allegations against Hunter &amp; Joe Biden. #Verdict https://t.co/O1lXqhwNvZ",tedcruz,Ted Cruz,en,['Verdict'],772,512,2202,38
2023-06-23 22:07:51+00:00,1672365878480969737,"The current delusion of the left is that they've embraced an ideology that says there's no difference between women &amp; men. 

Don't miss @benfergusonshow &amp; I discuss the fight to protect women's sports on the latest episode of #Verdict! 
https://t.co/O1lXqhwNvZ",tedcruz,Ted Cruz,en,['Verdict'],145,52,324,8
2023-06-23 20:39:03+00:00,1672343534240772097,"At this point, my level of trust in what the Biden administration says is abysmally low. 

They've demonstrated over &amp; over again that they're willing to say things that are false. 

Arm yourself with the facts on the latest episode of #Verdict! https://t.co/O1lXqhwNvZ",tedcruz,Ted Cruz,en,['Verdict'],280,69,494,6
2023-06-23 20:15:40+00:00,1672337648898154584,üò¨,tedcruz,Ted Cruz,art,,181,307,1671,5
2023-06-23 19:15:16+00:00,1672322447431827456,"Even worse, Garland &amp; Hunter both refused to eat the WH meal, and ordered $6m in Chinese food instead‚Ä¶",tedcruz,Ted Cruz,en,,800,1246,5653,42
2023-06-23 19:02:38+00:00,1672319270473048082,"This air of righteous indignation from Merrick Garland is rich. 

In the face of such serious allegations regarding the Hunter Biden investigation, his response here is stunning.",tedcruz,Ted Cruz,en,,2995,2078,8007,199
2023-06-23 18:06:10+00:00,1672305058866667524,"The IRS whistleblowers have elevated the gravity of the allegations against Joe Biden by an order of magnitude.

Learn more on the latest episode of #Verdict, available now wherever you get your podcasts! https://t.co/O1lXqhwNvZ",tedcruz,Ted Cruz,en,['Verdict'],161,100,457,10
2023-06-23 17:27:18+00:00,1672295279314255887,"It wasn‚Äôt that long ago, that EVERYBODY understood that men &amp; women are different. 

WATCH this. üëá

Compare it to today‚Äôs Dems who see ZERO problem with men playing in women‚Äôs sports.",tedcruz,Ted Cruz,en,,228,502,2162,19
2023-06-23 17:16:40+00:00,1672292599779012608,chilling,tedcruz,Ted Cruz,en,,203,715,2275,22
2023-06-23 15:46:15+00:00,1672269848125100035,"The stunning allegations against Hunter &amp; Joe Biden aren't coming from partisan Republicans. 

They're coming from career, senior IRS officials &amp; investigators blowing the whistle because they're absolutely appalled at what happened. #Verdict https://t.co/O1lXqhwNvZ",tedcruz,Ted Cruz,en,['Verdict'],352,384,1310,18
2023-06-23 14:04:30+00:00,1672244243065184256,"TUNE IN: Smoking-Gun Evidence of Biden Corruption, plus Leftists Try to Destroy Women's Sports 

New episode of #Verdict is live now wherever you get your podcasts! 
https://t.co/X8HfWbrfax",tedcruz,Ted Cruz,en,['Verdict'],119,64,331,6
2023-06-23 01:19:33+00:00,1672051734925942784,Cruz is right to introduce bill making CDC director a Senate-approved position sooner | Washington Examiner https://t.co/NgAFJQPMWQ,tedcruz,Ted Cruz,en,,186,153,983,6
2023-06-23 00:03:18+00:00,1672032545939116033,"Excellent choice! @Heritage 

@VictoriaCoates is fantastic. 

Simply the best.",tedcruz,Ted Cruz,en,,33,30,202,1
2023-06-22 22:40:07+00:00,1672011611740020736,"Each day we learn more about the shocking abuses of power the DOJ carried out as part of its mission to ensure Joe Biden is protected from the increasing allegations of corruption he faces.

Each detail is more disturbing than the last, &amp; Dems &amp; their media pals remain silent.",tedcruz,Ted Cruz,en,,1140,2094,6089,70
2023-06-22 20:51:34+00:00,1671984292770054146,"If you want to know what was happening with Hunter &amp; Joe Biden, be sure to download &amp; listen to the latest episode of #Verdict! 

You won't get the truth on the six o'clock news or corporate media channels like CNN or MSNBC. 

https://t.co/TnryRfBLaC",tedcruz,Ted Cruz,en,['Verdict'],146,94,420,7
2023-06-22 18:01:03+00:00,1671941383966412801,"I spend a lot of time at the southern border. I've spent a lot of time with our border patrol agents. 

It's never been remotely this bad. 

This is an invasion &amp; our families are less safe because Joe Biden is president. https://t.co/2jHC8CxMtn",tedcruz,Ted Cruz,en,,887,256,1345,54
2023-06-22 16:47:00+00:00,1671922746547400705,"From the fully politicized DOJ's perspective, the Hunter Biden investigation is done. Democrats &amp; the press are gleefully saying they're not investigating anymore. 

They are covering up any connection to Joe Biden. 

More on the latest episode #Verdict!
https://t.co/TnryRfCj0a",tedcruz,Ted Cruz,en,['Verdict'],218,214,784,15
2023-06-22 15:39:55+00:00,1671905863638851585,"With Joe Biden as president, the brazen partisans are out in the open. 

The Biden Department of Justice is the most partisan in our nation's history. 

They are weaponizing the legal system not to enforce the law but instead to attack their political enemies. https://t.co/ccSYIyOzqI",tedcruz,Ted Cruz,en,,597,355,1492,30
2023-06-22 15:09:16+00:00,1671898152864022529,Ted Cruz pushes for confirmation vote on new CDC chief | The Spectator https://t.co/bjTvBpiuRO,tedcruz,Ted Cruz,en,,57,56,327,2
2023-06-22 14:18:39+00:00,1671885413747953664,"Our hearts are heavy today following the tragic tornado that struck Matador, Texas last night. 

Heidi and I are praying for all those impacted, especially the families of those who sadly lost loved ones in this unprecedented storm.",tedcruz,Ted Cruz,en,,162,80,678,9
2023-06-22 13:07:14+00:00,1671867439406039043,"The Hunter Biden plea deal is disgraceful if you care about the rule of law &amp; DOJ prosecuting crimes fairly &amp; evenly. 

It's all about Merrick Garland pretending to be even-handed while acting as the political henchman for Joe Biden. #Verdict 
https://t.co/TnryRfBLaC",tedcruz,Ted Cruz,en,['Verdict'],742,481,2410,37
2023-06-22 00:12:00+00:00,1671672346481139712,"There is a sense of entitlement among every political operative at the Biden White House &amp; the political cronies running the Department of Justice.

The double standard is fully baked-in. 

Get the facts on the latest episode of #Verdict! https://t.co/TnryRfCj0a",tedcruz,Ted Cruz,en,['Verdict'],210,196,893,15
2023-06-21 23:34:22+00:00,1671662875323035648,"Outrageous. 

For months we‚Äôve seen leftists hellbent on destroying the integrity of our Supreme Court with incessant attacks, but outwardly wishing death on one of our finest Justices is truly beyond the pale.",tedcruz,Ted Cruz,en,,520,231,1539,29
2023-06-21 23:01:16+00:00,1671654545867276288,"The left's radical gender ideology is unhinged from common sense.

If you embrace this leftist ideology, the effect will be the elimination of girls' &amp; women's sports. https://t.co/QGBBP7RUwK",tedcruz,Ted Cruz,en,,124,103,666,6
2023-06-21 21:49:32+00:00,1671636494589599745,Sen Cruz leads push to reintroduce ‚ÄòKate‚Äôs Law‚Äô to jail repeat illegal immigrants | Fox News https://t.co/LP5bt1XmTj,tedcruz,Ted Cruz,en,,99,114,765,8
2023-06-21 20:47:00+00:00,1671620756554539009,"Before you begin your commute home, be sure to download &amp; listen to today's #Verdict where @benfergusonshow &amp; I break down the incredibly disappointing Hunter Biden plea deal. 

Catch us wherever you get your podcasts! https://t.co/TnryRfCj0a",tedcruz,Ted Cruz,en,['Verdict'],106,45,269,6
2023-06-21 19:41:00+00:00,1671604147022602240,"Joe Biden has rolled over to the Chinese Communist Party for decades. 

The entire Biden foreign policy has been to undermine our friends &amp; allies. #Verdict https://t.co/TnryRfCj0a https://t.co/w1wvWiBTWs",tedcruz,Ted Cruz,en,['Verdict'],241,256,1065,18
2023-06-21 19:25:00+00:00,1671600121996513281,"Democrats can't defend the crisis on our southern border. 

All they can do is hide from it &amp; pretend it doesn't exist! https://t.co/ulNwi60Dyg",tedcruz,Ted Cruz,en,,300,126,609,9
2023-06-21 19:20:18+00:00,1671598937331884041,"Cruz: Purpose Of Hunter Biden Plea Is To Allow The Media To Say ""It's All Over, Don't Look Into The Big Guy"" | Real Clear Politics https://t.co/fBWPTAfJwC",tedcruz,Ted Cruz,en,,330,551,2592,25
2023-06-21 17:46:00+00:00,1671575205662138372,It is really dangerous when the machinery of government becomes a weapon to attack your political opponents. https://t.co/rbp16Fw1tO,tedcruz,Ted Cruz,en,,487,127,734,22
2023-06-21 16:39:55+00:00,1671558576609845248,üëáüëáüëá,tedcruz,Ted Cruz,art,,87,138,632,6
2023-06-21 16:30:10+00:00,1671556124145864704,Cruz: Hunter Biden Plea Deal a ‚ÄòReally Sad Day for the Rule of Law‚Äô | Breitbart News https://t.co/iNQmZuKlSk,tedcruz,Ted Cruz,en,,468,363,2387,15
2023-06-21 16:13:27+00:00,1671551917712101376,"What did Hunter Biden get as part of his plea deal?

Zero years, months, or days in prison. 

That is a sweetheart deal because his dad is in the Oval Office. #Verdict https://t.co/3BjV1UztEK https://t.co/OdNyCUj4Tw",tedcruz,Ted Cruz,en,['Verdict'],749,590,2213,40
2023-06-21 15:37:18+00:00,1671542818479669250,"Hunter Biden plea: Ted Cruz calls it cronyism, camouflage, and corruption | Washington Examiner https://t.co/XgOS4bqUFG",tedcruz,Ted Cruz,en,,837,567,2863,42
2023-06-21 14:45:44+00:00,1671529841022189571,"After the Hunter Biden plea deal, Democrats &amp; the corporate media are saying, ""It's all wrapped up. It's Hunter's fault. He's the little scapegoat. Now be done with it.""

It is disgraceful &amp; it is not the rule of law in our country. https://t.co/5xxh4aqcL0",tedcruz,Ted Cruz,en,,388,201,991,19
2023-06-21 14:00:05+00:00,1671518354308493313,"This Department of Justice willfully does not want to examine the very direct &amp; growing evidence of Joe Biden's direct corruption. 

More on the latest episode of #Verdict available wherever you get your podcasts! https://t.co/TnryRfCj0a https://t.co/f3brd4XfBH",tedcruz,Ted Cruz,en,['Verdict'],302,220,1004,14
2023-06-21 12:42:11+00:00,1671498749510668289,"Ted Cruz puts Biden official on notice over alleged 'toxic environment' at FTC | Fox News 
https://t.co/eevv5bAzZM",tedcruz,Ted Cruz,en,,133,63,391,4
2023-06-21 12:35:05+00:00,1671496961449512963,"New episode of #Verdict is out now!

Hunter Biden Indictment: Cronyism, Camouflage &amp; Corruption

Tune in wherever you get your podcasts!

https://t.co/3BjV1UyVPc",tedcruz,Ted Cruz,en,['Verdict'],100,60,326,2
2023-06-21 04:50:51+00:00,1671380134232829952,I‚Äôd like to call a life line‚Ä¶.,tedcruz,Ted Cruz,en,,85,21,228,1
2023-06-21 03:51:09+00:00,1671365110135128064,"Against. 

Now your turn, schmuck. 

@paulwaldman1 should @joebiden have eulogized an ‚Äúexalted cyclops‚Äù of the KKK, just 13 yrs ago? Yes or no?

And if yes, pls explain why, in detail.",tedcruz,Ted Cruz,en,,212,248,1679,17
2023-06-21 00:29:26+00:00,1671314348927594496,"Hunter Biden's indictment is just the Biden DOJ pretending to be even-handed. 

The evidence of corruption involving Joe Biden personally making millions of dollars is growing, but the Biden DOJ is doing everything it can to cover it up, stonewall, &amp; hide. https://t.co/St81TjrHP8",tedcruz,Ted Cruz,en,,1184,537,1839,62
2023-06-20 23:34:30+00:00,1671300523922796546,"Sadly, this is EXACTLY what I predicted months ago on Verdict:

- a slap on the wrist for Hunter (no jail time) so Garland can pretend to be ‚Äúbalanced,‚Äù indicting both a Trump & a Biden.

- ZERO examination of foreign corruption between Joe & Hunter‚Äîdesigned to shield WH. 

LISTEN to my prediction:",tedcruz,Ted Cruz,en,,1661,1552,7077,102
2023-06-20 19:59:08+00:00,1671246325550120960,"The angels are weeping today, and so am I. Kaye Goolsby, a giant of Texas grassroots and a dear friend of mine for two decades, has gone home to be with the Lord. 

Kaye was my National Grassroots Chair, a legend in @tfrw & @nfrw and an extraordinary person whom I loved dearly. She would be on three cellphones all at once, greeting everyone with her trademark, ‚ÄúHello Sugarrrr‚Ä¶.‚Äù And you had to tell her yes, or she‚Äôd wear you down until you did!

Her spirit was indomitable & right now I‚Äôm sure she‚Äôs organizing and rearranging Heaven as we speak. 

I will miss her deeply. My prayers are with Gary & her beloved family. 

Kaye, we love you.",tedcruz,Ted Cruz,en,,95,55,584,5
2023-06-20 17:07:16+00:00,1671203073371299840,"ü§£ü§£Have to admit, the funniest part of this is all the left-wingers who were TRIGGERED at my mentioning Pat Benatar.

They don‚Äôt dispute that Dems don‚Äôt care at all what crimes Biden committed, even if he were to taunt them with ‚ÄúHit me with your best shot‚Ä¶.‚Äù üé∂üé∂ at midnight under a full moon!",tedcruz,Ted Cruz,en,,371,149,911,17
2023-06-20 16:56:41+00:00,1671200407794724881,"WaPo hack continues to deceive with his ‚Äúthe parties switched places‚Äù fiction.

Tell me, @paulwaldman1 is @joebiden the past or ancient history?

The CURRENT Dem President is who gave a eulogy for a KKK ‚ÄúExalted Cyclops.‚Äù

Is VA Gov Ralph Northam the distant past? The Dem gov of VA just TWO YEARS ago had a Klansman on his personal yearbook page. 

Disgraceful.",tedcruz,Ted Cruz,en,,169,100,697,11
2023-06-20 16:08:45+00:00,1671188345496412161,"Honored to attend today‚Äôs inauguration of my friend Dallas Mayor ‚Å¶@Johnson4Dallas‚Å© 

Eric has shown real courage standing up for men &amp; women of law enforcement &amp; the people of Dallas are safer as a result. 

Also a member of FJEC, which advises me &amp; Cornyn on judicial noms. https://t.co/hN6j4AUwYd",tedcruz,Ted Cruz,en,,61,37,246,4
2023-06-20 15:59:22+00:00,1671185985462206465,Predicted this four months ago üëá,tedcruz,Ted Cruz,en,,963,519,2422,39
2023-06-20 02:42:21+00:00,1670985409348661248,"WaPo hack deliberately lies for partisan ends.

@paulwaldman1 A few Qs:
Which party were the founders of the KKK? 

Democrats.

Which party wrote Jim Crow laws? 

Dems.

Which party was Lincoln? 

Republican.

Oh yeah, which president eulogized a KKK ‚ÄúExalted Cyclops‚Äù?

@JoeBiden",tedcruz,Ted Cruz,en,,759,443,1804,49
2023-06-19 22:37:58+00:00,1670923906012659712,"Political decisions from the Biden White House produced the humanitarian crisis on our southern border &amp; it‚Äôs hurting our communities right here in Texas. 

Every American should be horrified at the state of affairs. #Verdict 

https://t.co/ZreMLytton",tedcruz,Ted Cruz,en,['Verdict'],383,259,1269,27
2023-06-19 15:52:30+00:00,1670821869832876032,"Senate Democrats are trying to protect the Biden administration from accountability &amp; consequences for its failures on our southern border. #Verdict
https://t.co/ZreMLytton",tedcruz,Ted Cruz,en,['Verdict'],601,356,1391,28
2023-06-19 13:39:59+00:00,1670788521571786758,"As we commemorate Juneteenth, we recognize & reflect on the blessing of freedom. 

Together, we celebrate the anniversary of Major General Gordon Granger‚Äôs arrival in Galveston, Texas, where he brought news of the emancipation of the enslaved.

Today is a joyful reminder of our nation‚Äôs progress in advancing the principles of liberty & equality for all.",tedcruz,Ted Cruz,en,,385,87,846,29
2023-06-18 19:44:09+00:00,1670517778820857856,"Joe Biden's political decision to open our borders has enabled the cartels to savage countless men, women, &amp; children.

He‚Äôs turned these vicious murderers into billion-dollar corporations. 
#Verdict
https://t.co/ZreMLytton",tedcruz,Ted Cruz,en,['Verdict'],1388,1167,4320,85
2023-06-18 17:47:07+00:00,1670488323456917504,"On the latest episode of #Verdict, @benfergusonshow and I drill down on the allegations against Joe Biden.

We take him up on his invitation to answer, ‚ÄúWhere‚Äôs the money?‚Äù
https://t.co/ZreMLytton",tedcruz,Ted Cruz,en,['Verdict'],360,134,790,19
2023-06-18 14:43:06+00:00,1670442016554008576,"My dad, Rafael, is my hero.
¬†
He fled Cuba after being imprisoned and suffering beatings at the hands of Batista‚Äôs thugs.
¬†
He came to America with $100 sewn into his underwear and didn‚Äôt speak a lick of English.
¬†
From there, he enrolled at the University of Texas and worked as a dishwasher making 50 cents an hour to pay his way through school.
¬†
My Dad has been blessed to be the embodiment of the American dream.
¬†
Happy Father‚Äôs Day to all the dads across Texas and the United States!",tedcruz,Ted Cruz,en,,4661,746,14213,339
2023-06-18 03:01:25+00:00,1670265431427358721,Senator Ted Cruz tours Perryton two days after deadly tornado https://t.co/SJbERfU090,tedcruz,Ted Cruz,en,,705,233,1846,39
2023-06-17 21:37:26+00:00,1670183896267235334,"When tragedy strikes, communities like Perryton come together to help their neighbors in need. 

I‚Äôm grateful for Perryton Mayor Kerry Symons‚Äô leadership in the midst of this difficult time. #PrayForPerryton https://t.co/WT8w2l52GP",tedcruz,Ted Cruz,en,['PrayForPerryton'],220,57,529,10
2023-06-17 21:27:38+00:00,1670181431748722690,"Inspired by the resilience of the men &amp; women of Perryton, Texas in the wake of this tragic tornado. 

Perryton will come through this even stronger than ever thanks to the help of Texans helping Texans! https://t.co/MeEj9aeOhA",tedcruz,Ted Cruz,en,,191,81,708,9
2023-06-17 20:49:28+00:00,1670171828738768898,"‚ÄòTexas stands with you‚Äô: Gov. Abbott, Ted Cruz address deadly Perryton tornado | KCBD https://t.co/zm167PAcWm",tedcruz,Ted Cruz,en,,184,86,750,11
2023-06-17 20:36:33+00:00,1670168578316705795,"Texans are united with the people of Perryton. 

If you want to help, be sure to donate to the Red Cross or Salvation Army and make clear you want your donation marked for the people of Perryton, Texas. #PrayForPerryton https://t.co/rpwpOKQr8Z",tedcruz,Ted Cruz,en,['PrayForPerryton'],536,210,1049,32
2023-06-17 19:47:20+00:00,1670156191694045185,"Thank you to @TysonFoods for helping feed families impacted by the devastating tornado in Perryton, Texas. 

It‚Äôs inspirational to see Texans come together to help their neighbors out. Perryton is strong! #PrayforPerryton https://t.co/Lj2OrlmLtl",tedcruz,Ted Cruz,en,['PrayforPerryton'],422,196,1280,23
2023-06-17 15:59:53+00:00,1670098951754723328,"I believe Democrats want open borders because they think most illegal immigrants will be Democrat voters. 

They care more about their political, partisan objective than the lives of the children being brutalized by their heartless policies. #Verdict https://t.co/jKjIN10p4o",tedcruz,Ted Cruz,en,['Verdict'],2227,808,4350,143
2023-06-17 13:30:05+00:00,1670061251823558660,"The legacy corporate media has abandoned any pretense of journalism.

They've ignored the serious allegations against Joe Biden altogether. #Verdict 

https://t.co/ZreMLytton",tedcruz,Ted Cruz,en,['Verdict'],709,483,1868,47
2023-06-17 01:43:00+00:00,1669883307931357184,"Don't forget to catch the latest episode of #Verdict, where we follow the money &amp; examine what every prosecutor, reporter, or anyone interested in the truth should be asking‚Äîdid Joe Biden take a bribe? 

Tune in wherever you get your podcasts! https://t.co/jKjIN10WTW https://t.co/ZrwX8vSEDf",tedcruz,Ted Cruz,en,['Verdict'],649,412,1791,39
2023-06-17 01:21:35+00:00,1669877921199079424,Episode available now wherever you get your podcasts! https://t.co/jKjIN10p4o,tedcruz,Ted Cruz,en,,28,25,224,0
2023-06-17 01:21:35+00:00,1669877919458394112,"Joe Biden said, ""Where's the money?""

On the latest episode of #Verdict, @Benfergusonshow &amp; I try to answer that very question with a blast from the past from our friends at the @FDRLST!
https://t.co/Gk1aczsy9h",tedcruz,Ted Cruz,en,['Verdict'],303,252,1283,18
2023-06-17 00:42:13+00:00,1669868014525726720,"By passing my bipartisan bill to rename the street outside of the Cuban embassy in D.C. after Cuban dissident Oswaldo Pay√°, the Senate is shining a light on that evil, repressive regime. 

Learn more on the latest episode of #Verdict https://t.co/jKjIN10p4o https://t.co/Tgb7dd0WOf",tedcruz,Ted Cruz,en,['Verdict'],158,145,745,10
2023-06-16 23:42:00+00:00,1669852857313673217,"The corporate media &amp; Dem politicians are on the same team reading from the same talking points. 

When they say no one's above the law, they mean that as an attack on Donald Trump, but you know who they don't mean?

 They don't mean Joe Biden. #Verdict https://t.co/jKjIN10WTW",tedcruz,Ted Cruz,en,['Verdict'],331,222,1046,19
2023-06-16 22:37:03+00:00,1669836511317983233,"Totally bizarre.

I'm sure Joe Biden's handlers won't cynically use this incident as a pretext to shield him from any questions on the serious allegations of corruption he's laughed off...",tedcruz,Ted Cruz,en,,767,428,2469,37
2023-06-16 21:44:30+00:00,1669823289181577216,"Joe Biden was the vice president of the United States. He doesn't know anything about business. 

Why on earth does he need 20 shell companies if it's not to hide &amp; shield the income? 

Tune into the latest episode of #Verdict for more! https://t.co/jKjIN10p4o",tedcruz,Ted Cruz,en,['Verdict'],1232,1879,7692,95
2023-06-16 20:46:08+00:00,1669808599252516864,Ted Cruz Sounds the Alarm: Congress Too Antiquated to Stop China | Newsbusters https://t.co/EPP4U45t01,tedcruz,Ted Cruz,en,,170,171,964,13
2023-06-16 19:02:41+00:00,1669782568005148681,Ted Cruz Demands Joe Biden Disclose ‚ÄòMystery Source‚Äô Who Paid Him $10M in 2017 | Breitbart News https://t.co/dT2tgOOJID,tedcruz,Ted Cruz,en,,2814,2765,12040,181
2023-06-16 18:59:54+00:00,1669781866042236938,"Joe Biden‚Äôs pick for CDC director gleefully pushed lockdowns that did profound damage to Americans‚Äô livelihoods &amp; well-being. 

Taking advantage of a pandemic to push government control over our daily lives shouldn't be rewarded with a promotion.",tedcruz,Ted Cruz,en,,197,144,612,9
2023-06-16 18:55:11+00:00,1669780679104536613,"Mar√≠a Corina Machado can defeat the Maduro regime &amp; Maduro's thugs know it. So do friends of the Venezuelan people who are watching the election. 

The U.S. has the tools to hold accountable those who are targeting her.",tedcruz,Ted Cruz,en,,86,373,871,29
2023-06-16 18:27:18+00:00,1669773663095214080,"How does the Biden administration lose 85,000 kids? 

It's a stunning level of incompetence &amp; it shows they don't give a damn about the humanitarian crisis on our southern border. 

More on the latest episode of #Verdict. https://t.co/jKjIN10p4o https://t.co/NFfT4LZjJp",tedcruz,Ted Cruz,en,['Verdict'],748,968,2972,61
2023-06-16 17:12:41+00:00,1669754884730630163,"Just horrific. My team is working closely with local officials on emergency response &amp; expediting disaster relief. 

#PrayForPerryton üôè",tedcruz,Ted Cruz,en,['PrayForPerryton'],206,76,540,10
2023-06-16 17:09:08+00:00,1669753991389954048,"We have utterly no idea how Joe Biden earned $10 million the year after he left the White House. 

Don't miss the latest episode of #Verdict, where we try to answer Biden's question, ""Where's the money?"" https://t.co/jKjIN10p4o https://t.co/tNbmnu2hzR",tedcruz,Ted Cruz,en,['Verdict'],1527,777,2921,80
2023-06-16 14:37:54+00:00,1669715930690244608,"The allegations against Joe Biden simply do not exist in the corporate media's world. 

Arm yourself with the facts from the latest episode of #Verdict! https://t.co/jKjIN10WTW",tedcruz,Ted Cruz,en,['Verdict'],356,168,865,15
2023-06-16 13:05:24+00:00,1669692654366384130,"Download &amp; listen now wherever you find your podcasts!

https://t.co/ZreMLytton",tedcruz,Ted Cruz,en,,42,24,153,1
2023-06-16 13:05:23+00:00,1669692647122845696,"Today‚Äôs #Verdict goes in-depth on the question Joe Biden dared us to ask, ‚ÄúWhere‚Äôs the money?‚Äù 

Flashback from the @FDRLST https://t.co/Gk1aczsy9h",tedcruz,Ted Cruz,en,['Verdict'],568,547,2356,51
2023-06-16 12:01:18+00:00,1669676520070168577,"On the latest episode of #Verdict:

Biden Asks ""Where's The Money?"" plus Biden Loses 85K Immigrant Children &amp; Big Legislative Victory Standing Up To Cuban Communists

Listen now wherever you get your podcasts!

https://t.co/ZreMLytton https://t.co/wRET9o1IFe",tedcruz,Ted Cruz,en,['Verdict'],515,459,1821,33
2023-06-16 04:16:23+00:00,1669559520069050370,üò≥,tedcruz,Ted Cruz,art,,392,306,1690,21
2023-06-16 01:51:00+00:00,1669522933453053954,"I'm working very closely with @JamesComer &amp; @Jim_Jordan because we have to demand accountability &amp; transparency about these allegations against the president. #Verdict

https://t.co/ErPhbZC29d",tedcruz,Ted Cruz,en,['Verdict'],1214,598,2939,80
2023-06-16 00:11:00+00:00,1669497767528480770,"Every day when I'm home in Texas, I hear from folks who are deeply dismayed about the growing politicization &amp; weaponization of the Department of Justice &amp; the FBI. #Verdict

https://t.co/ErPhbZC29d",tedcruz,Ted Cruz,en,['Verdict'],1522,271,1743,115
2023-06-15 22:16:00+00:00,1669468827200147457,"The media should be covering the Biden bribery allegations. 

Unfortunately, most are completely ignoring it.#Verdict¬†
https://t.co/ErPhbZCzYL",tedcruz,Ted Cruz,en,['Verdict'],1095,606,2509,67
2023-06-15 20:36:01+00:00,1669443664526073856,"Sen. Ted Cruz: FBI Is A ""Rogue Agency,"" ""Thoroughly Politicized And Weaponized,"" ""Trump Is Their Enemy"" | Real Clear Politics https://t.co/OWs1m49Qei",tedcruz,Ted Cruz,en,,1722,1739,7007,101
2023-06-15 20:32:12+00:00,1669442706546872349,"What should come next with the allegations against Joe Biden?

This alleged whistleblower should testify in front of Congress on national television so the American people can hear his allegations &amp; assess if he's telling the truth. #Verdict
https://t.co/ErPhbZC29d",tedcruz,Ted Cruz,en,['Verdict'],1014,407,1801,62
2023-06-15 19:33:32+00:00,1669427943003639809,"Why the hell is the FBI hiding the possible existence of evidence that Joe Biden accepted a bribe?

Why did they redact the allegation that there may be 17 tape recordings? #Verdict¬†
https://t.co/ErPhbZC29d",tedcruz,Ted Cruz,en,['Verdict'],2722,2253,8697,184
2023-06-15 19:05:33+00:00,1669420901169877005,"Biden pick for counterterror post botched handling of Hezbollah, Cruz says: 'Utterly disqualifying' | Fox News https://t.co/u59izH4a7F",tedcruz,Ted Cruz,en,,89,91,411,6
2023-06-15 17:17:00+00:00,1669393581210243072,"The FBI is utterly &amp; completely stonewalling. 

The FBI senior leadership believes they're unaccountable to Congress &amp; the American people. https://t.co/RYhCq1G8h0",tedcruz,Ted Cruz,en,,676,360,1368,51
2023-06-15 16:48:19+00:00,1669386362280202240,Sen. Cruz to Newsmax: Conservative Voters Tired of GOP Rolling Over | Newsmax https://t.co/igTKqzP1cq,tedcruz,Ted Cruz,en,,365,119,763,21
2023-06-15 16:02:43+00:00,1669374887264174085,"Voters are frustrated that over &amp; over again, Republican leadership is willing to help the Democrats with their agenda instead of standing up &amp; holding them to account. https://t.co/b0QloBdKZN",tedcruz,Ted Cruz,en,,773,354,1944,50
2023-06-15 15:26:55+00:00,1669365880247992321,Ted Cruz slams FBI over Biden investigation: 'Senior leadership believes they‚Äôre unaccountable' | Washington Examiner https://t.co/2HCBDkDWkr,tedcruz,Ted Cruz,en,,519,577,2801,45
2023-06-15 15:13:35+00:00,1669362522732855296,A beautiful day‚Ä¶. üöÄ,tedcruz,Ted Cruz,en,,51,19,149,1
2023-06-15 14:38:30+00:00,1669353692854902786,"Sen. Cruz Puts ESG and DEI in the Crosshairs | RedState 
https://t.co/frPsNEHHAz",tedcruz,Ted Cruz,en,,151,216,1251,10
2023-06-15 14:10:27+00:00,1669346636311703552,"Making sure event-goers know the full price of the ticket they want to buy up front is why I worked to introduce the TICKET Act. I‚Äôm glad @Ticketmaster &amp; @SeatGeek have heeded my calls for ‚Äúall-in‚Äù pricing, &amp; I‚Äôll keep working to ensure that all ticket sales are transparent!",tedcruz,Ted Cruz,en,,58,35,184,1
2023-06-15 12:41:32+00:00,1669324260874108930,"The threshold to indict a president should be incredibly high.

It shouldn't be for ticky-tacky offenses &amp; it shouldn't be because an administration hates its predecessor.

Get the facts on the latest episode of #Verdict.
https://t.co/ErPhbZC29d",tedcruz,Ted Cruz,en,['Verdict'],943,337,1782,58
2023-06-15 06:03:24+00:00,1669224067256266753,"This is weird. 

Lesbians are no longer women, but gay men are still men (for now).  ü§î",tedcruz,Ted Cruz,en,,288,150,847,24
2023-06-15 01:57:25+00:00,1669162159790604291,The FBI is a rogue agency that has been thoroughly politicized &amp; completely weaponized. https://t.co/X4lpZE3r3v,tedcruz,Ted Cruz,en,,2205,803,3268,135
2023-06-15 01:01:49+00:00,1669148167667949569,"It is infuriating to see the FBI stonewalling &amp; protecting Joe Biden to cover up corruption in the White House. 

This politicized FBI doesn't believe they are accountable to anybody. https://t.co/XCQGltjetV",tedcruz,Ted Cruz,en,,1154,467,1916,52
2023-06-15 00:31:06+00:00,1669140438203203585,Stunning live footage of congressional Democrats in their natural habitat‚Ä¶.,tedcruz,Ted Cruz,en,,1151,248,2279,74
2023-06-15 00:17:38+00:00,1669137048534433793,"Democrats don't want a hearing on the allegations against Joe Biden.

If the allegations are false, you know who could disprove them?  Joe Biden.

 He could call for evidence to be released publicly, but the FBI is stonewalling instead. #Verdict https://t.co/ErPhbZC29d",tedcruz,Ted Cruz,en,['Verdict'],1002,929,3787,52
2023-06-14 22:00:13+00:00,1669102466699280389,"Sen. Cruz, Rep. Stefanik Introduce Legislation Requiring American Flags Displayed On Federal Property Are 100% Made In USA | Daily Caller https://t.co/VXRMtCwqiH",tedcruz,Ted Cruz,en,,233,102,742,15
2023-06-14 21:11:41+00:00,1669090254567899136,"Don't forget to download &amp; listen to the latest episode of #Verdict before your commute home this evening. 

We go in-depth on the the bombshell voice recordings of Joe Biden allegedly taking a $5 million bribe &amp; the FBI's stonewalling to cover it up! 

https://t.co/ErPhbZC29d https://t.co/RGA3kRJ3cx",tedcruz,Ted Cruz,en,['Verdict'],1116,671,2437,75
2023-06-14 19:28:14+00:00,1669064219902324736,"What has happened with the FBI is they've gotten high on their own supply. 

They believe nobody can check them‚Äîthat they are the judge, jury, &amp; executioner. #Verdict https://t.co/ErPhbZC29d https://t.co/rE8UWtHs9l",tedcruz,Ted Cruz,en,['Verdict'],1016,1437,5014,70
2023-06-14 19:27:06+00:00,1669063934307868681,FBI Stonewalls Ted Cruz on Alleged Biden 'Bribery' Audio Recordings | Breitbart News https://t.co/Y7RNoCT5Xp,tedcruz,Ted Cruz,en,,343,430,1598,18
2023-06-14 18:13:44+00:00,1669045471426273281,‚ÄòThe Press Won‚Äôt Cover This‚Äô: Ted Cruz Torches Corporate Media For Ignoring Biden Bribery Allegations | Daily Caller https://t.co/JrXw6jIIa1,tedcruz,Ted Cruz,en,,344,153,624,9
2023-06-14 17:21:46+00:00,1669032392013619232,"The FBI &amp; DOJ have the same hubris &amp; absolute arrogance. 

Their stonewalling is destructive to the rule of law &amp; our Constitution. #Verdict 
https://t.co/ErPhbZC29d https://t.co/PdOGkqYd1w",tedcruz,Ted Cruz,en,['Verdict'],452,500,1851,37
2023-06-14 15:25:18+00:00,1669003083983069185,"Make sure to tune in to today‚Äôs episode of #Verdict where @benfergusonshow &amp; I break down the bombshell evidence regarding Joe Biden that the corporate media is ignoring.

Download the new episode now wherever you get your podcasts! https://t.co/atpDaJRIIa https://t.co/RiPLuavQQv",tedcruz,Ted Cruz,en,['Verdict'],628,461,2128,44
2023-06-14 14:23:26+00:00,1668987516093972487,"Cruz defends comments about Obama, Iran and nuclear weapons, scolds 'ridiculous' fact-checker | Fox News https://t.co/AtNoMvy8ND",tedcruz,Ted Cruz,en,,126,132,756,6
2023-06-14 14:21:46+00:00,1668987094394363904,"The reason Joe Biden &amp; the FBI can ignore any evidence of corruption is because we don't have a functioning press corps.

The world of journalism is so utterly corrupted that nobody is reporting on the credible evidence against Joe Biden. #Verdict https://t.co/ErPhbZC29d",tedcruz,Ted Cruz,en,['Verdict'],1587,2001,8078,143
2023-06-14 14:14:31+00:00,1668985272929845250,Ted Cruz Moves to Abolish ‚ÄòUseless‚Äô Federal Agency Created by Dodd-Frank | Daily Signal https://t.co/fnHNNfGvAM,tedcruz,Ted Cruz,en,,155,373,1809,16
2023-06-14 14:02:44+00:00,1668982306508361730,"Happy 248th Birthday to our @USArmy!

This force of brave men &amp; women has served to defend our freedoms &amp; protect Americans at home &amp; abroad. 

We are forever grateful.",tedcruz,Ted Cruz,en,,115,91,620,4
2023-06-14 11:53:40+00:00,1668949826778611712,"On the latest episode of #Verdict: 

Bombshell Voice Recordings of Joe Biden Taking a $5 Million Bribe - and FBI Stonewalls to Cover it Up!

Listen now wherever you get your podcasts!
https://t.co/atpDaJRIIa",tedcruz,Ted Cruz,en,['Verdict'],301,396,1438,20
2023-06-14 04:52:46+00:00,1668843901203955713,"A true American legend. 

Pat, thank you for being a voice of good cheer, wit, optimism &amp; common sense. 

Our Nation loves you @patsajak",tedcruz,Ted Cruz,en,,70,47,672,5
2023-06-14 04:22:13+00:00,1668836214831448065,"Congrats to the Lady Buffs on an amazing national championship!!

@WTVolleyball",tedcruz,Ted Cruz,en,,57,32,485,1
2023-06-14 04:10:11+00:00,1668833186355326976,"4/x And, of course, they ignore my broader point: Iran doesn‚Äôt want nuclear technology bc they need electricity‚Äîthey have tons of oil‚Äîthe want nukes only to carry out their genocidal, theocratic war cry of ‚ÄúDeath to America! and Death to Israel!‚Äù",tedcruz,Ted Cruz,en,,20,45,351,2
2023-06-14 04:07:25+00:00,1668832491149377539,"3/x Of course, I didn‚Äôt say Obama said Iran had a ‚Äúright‚Äù to nuclear weapons; I said Obama said Iran had a ‚Äúright‚Äù to ‚Äúnuclear technology.‚Äù

He DID say that‚Äîas PolitiFact ADMITS‚Äîbut they laughably rate my statement ‚Äúmostly false‚Äù because Obama didn‚Äôt say‚Ä¶what I didn‚Äôt say he said.",tedcruz,Ted Cruz,en,,18,51,447,2
2023-06-14 04:03:58+00:00,1668831623003906050,2/x They contin√∫e: ‚ÄúObama in 2009 said Iran ‚Äòshould have the RIGHT to access peaceful nuclear power if it complies with its responsibilities under the nuclear Non-Proliferation Treaty.‚Äô He did NOT say it had the right to nuclear weapons.‚Äù,tedcruz,Ted Cruz,en,,15,35,242,0
2023-06-14 04:02:24+00:00,1668831225606275073,"1/x ‚Å¶@PolitiFact‚Å© are partisan, left-wing liars. But, please, read their ridiculous ‚Äúfact check.‚Äù Its self-refuting.

They say: ‚ÄúCruz credited Obama with saying that Iran has a ‚Äúright‚Äù to nuclear technology, including weapons‚Äù‚Ä¶. https://t.co/Hw9pRSyjol",tedcruz,Ted Cruz,en,,128,108,653,5
2023-06-14 00:02:08+00:00,1668770762499448834,"If Joe Biden took official action that benefited Burisma after depositing $5 million, Joe Biden should be charged &amp; prosecuted for bribery. 

That is the most grave allegation against a president that we've seen in our lifetimes. #Verdict https://t.co/vJGPoxxZCh https://t.co/FLfKElvEKM",tedcruz,Ted Cruz,en,['Verdict'],4673,6304,25069,353
2023-06-13 21:58:32+00:00,1668739655959707650,"The Southern Poverty Law Center‚Äôs ludicrous attacks on groups of concerned patriots like @Moms4Liberty are nothing more than a cynical grift. 

It's no wonder their ‚Äúnumbers‚Äù are completely bogus.",tedcruz,Ted Cruz,en,,91,107,547,1
2023-06-13 21:46:13+00:00,1668736558491467971,Ted Cruz accuses FBI deputy director of 'covering up' details of alleged of $5M Biden bribery scheme | Fox News https://t.co/C8EDRFFXLd,tedcruz,Ted Cruz,en,,609,326,1575,39
2023-06-13 21:01:54+00:00,1668725403211399168,Ted Cruz Grills Mark Zuckerberg Over Alleged Instagram Pedophile¬†Network | Daily Wire https://t.co/OeTrEqp0cK,tedcruz,Ted Cruz,en,,267,659,3323,23
2023-06-13 20:38:14+00:00,1668719450122485768,"Looking at the indictment of Donald Trump, the double standard is a massive problem for the Department of Justice.

Merrick Garland and Jack Smith have done nothing to address this. #Verdict https://t.co/vJGPoxxZCh",tedcruz,Ted Cruz,en,['Verdict'],473,393,1844,25
2023-06-13 17:24:40+00:00,1668670737018761230,Sen. Cruz to Newsmax: Trump Indictment 'Complete Hypocrisy' | Newsmax https://t.co/x3neUN9ng7,tedcruz,Ted Cruz,en,,586,127,713,26
2023-06-13 16:53:44+00:00,1668662951056748556,".@StephenKing jumps in to defend @joebiden

Just wait until Biden‚Äôs classic Corvette (parked next to a box of classified docs) comes alive &amp; starts to murder everybody‚Ä¶.",tedcruz,Ted Cruz,en,,298,83,763,13
2023-06-13 15:44:52+00:00,1668645621626986500,"Looking at the Trump indictment, I think the same thing today that I thought last week when it was announced. 

This is garbage. #Verdict https://t.co/7BaGqdn9xw https://t.co/spkeBRSzdB",tedcruz,Ted Cruz,en,['Verdict'],3649,2494,12032,218
2023-06-13 14:56:03+00:00,1668633337353895941,"Having reviewed the specifics of the indictment, against Donald Trump, it's pretty underwhelming. 

There's not a lot of ""there"" there. #Verdict https://t.co/7BaGqdnHn4 https://t.co/yOvm0JgIVy",tedcruz,Ted Cruz,en,['Verdict'],1548,664,3625,88
2023-06-13 12:49:50+00:00,1668601572958388224,"We've all gone to a sporting event or concert where we get whacked with giant fees when purchasing tickets that we knew nothing about.

The TICKET Act I introduced requires ticket brokers to disclose all the fees right up front so you know exactly what your tickets will cost. https://t.co/WkG4bsbB82",tedcruz,Ted Cruz,en,,169,47,507,8
2023-06-13 00:55:11+00:00,1668421722494717953,"We have learned of credible evidence that Joe Biden received a $5 million bribe from Burisma, the Ukrainian natural gas company. 

Now we‚Äôre told there is evidence of that on audio tapes. 

These are allegations of serious misconduct. https://t.co/XXUnSvTsKT",tedcruz,Ted Cruz,en,,3235,1230,4876,184
2023-06-12 23:34:08+00:00,1668401329411072000,"It's been obvious for quite some time that Biden‚Äôs partisan Democrat lackeys at the DOJ &amp; FBI have been working to coverup allegations of corruption against Joe Biden.

If the FBI was this blatantly complicit in stonewalling, that is deeply disturbing.",tedcruz,Ted Cruz,en,,850,654,2674,51
2023-06-12 21:25:56+00:00,1668369064106786816,"Need something to listen to on your commute home?

Don‚Äôt miss the latest episode of #Verdict for the most up to date news &amp; analysis on the Trump indictment. https://t.co/7BaGqdn9xw https://t.co/Rn2iVrKOYE",tedcruz,Ted Cruz,en,['Verdict'],299,117,616,14
2023-06-12 19:46:12+00:00,1668343964020138000,"The problem with the Trump indictment is not whether he violated the law‚Äîit‚Äôs just how politicized this indictment is. 

Joe Biden did the exact same thing, and the DOJ doesn't care! 

More on the latest episode of #Verdict!

https://t.co/7BaGqdn9xw",tedcruz,Ted Cruz,en,['Verdict'],6496,1061,5445,430
2023-06-12 17:37:09+00:00,1668311488933527555,"Now, on the face, the allegations against Donald Trump sound serious‚Äîexcept for the problem that this is a president of the United States. 

I suspect every president has taken papers from his time as president dating back to George Washington. #Verdict
https://t.co/7BaGqdn9xw",tedcruz,Ted Cruz,en,['Verdict'],1575,429,2406,80
2023-06-12 15:48:50+00:00,1668284231842185222,"Questions about the Trump indictment?

Don't miss today‚Äôs episode of #Verdict, where @benfergusonshow &amp; I go in-depth on the latest news. 

https://t.co/7BaGqdn9xw https://t.co/ilubP6lHqa",tedcruz,Ted Cruz,en,['Verdict'],260,117,609,10
2023-06-12 15:16:13+00:00,1668276021492105220,"At the end of the day, the biggest problem the DOJ has with the Trump indictment is the screaming hypocrisy. 

There is obviously a double standard driven by a DOJ that's blinded by hatred. #Verdict
https://t.co/7BaGqdn9xw",tedcruz,Ted Cruz,en,['Verdict'],983,484,2439,58
2023-06-12 14:33:11+00:00,1668265191233003522,"Pro-Iran regime propaganda being staged by the State Department.

Well, technically, more pro-Iran regime propaganda being staged by the State Department.",tedcruz,Ted Cruz,en,,62,50,225,1
2023-06-12 13:02:03+00:00,1668242258561204228,"Of course Team Biden lied about Chinese aggression against the U.S. & of course they tried to blame it on the Trump admin.  

It's the exact same playbook as what happened with the Chinese spy balloon that they allowed to repeatedly fly over U.S. territory. 

First they try to cover it up, then they try to blame someone else for their weakness & appeasement.",tedcruz,Ted Cruz,en,,822,652,3242,37
2023-06-12 11:53:07+00:00,1668224912815714305,"Deep Dive into the Trump Indictment: the Charges, the Hypocrisy &amp; Next Steps

New #Verdict out now wherever you get your podcasts! https://t.co/7BaGqdn9xw https://t.co/TIzmzANYnB",tedcruz,Ted Cruz,en,['Verdict'],1011,398,1926,60
2023-06-12 01:24:05+00:00,1668066608319700994,"On the latest episode of #Verdict, we answer all your questions about the Trump indictment.

Be sure to download &amp; listen tomorrow morning wherever you get your podcasts. https://t.co/W5zBtAcdFq",tedcruz,Ted Cruz,en,['Verdict'],341,93,564,10
2023-06-11 23:51:42+00:00,1668043359439532034,"There are thousands of men &amp; women at DOJ &amp; the FBI who are horrified &amp; angry.

They don't like seeing an institution that should be nonpartisan turned into a political attack weapon.
#Verdict https://t.co/8AYl2gqfj0",tedcruz,Ted Cruz,en,['Verdict'],2425,968,5008,175
2023-06-11 19:54:47+00:00,1667983737533898753,Ted Cruz and DOZENS of Republicans join tech union's call for SCOTUS to scrap Obama-era visa scheme that lets Disney and other firms fill American jobs with low-wage foreigners | Daily Mail https://t.co/Ib4fJCbBUR,tedcruz,Ted Cruz,en,,366,188,1135,22
2023-06-11 16:05:40+00:00,1667926079934177280,"Getting rid of AM radio in cars means that some people may miss essential communications during an emergency, especially as¬†40%¬†of radio listeners are tuning in from their cars.¬†

Learn more in my latest op-ed for @foxnewsopinion with @EdMarkey
https://t.co/QO3yyGuNVE",tedcruz,Ted Cruz,en,,304,122,735,14
2023-06-11 13:37:52+00:00,1667888883281870852,"Merrick Garland is lighting the integrity of the Department of Justice on fire. #Verdict 

https://t.co/P7fiqD5CxV",tedcruz,Ted Cruz,en,['Verdict'],1508,582,2945,82
2023-06-10 23:27:56+00:00,1667674990366560256,"With the latest debt deal, we will reach $36 trillion in national debt. Joe Biden &amp; the Democrats are bankrupting the country.

Their approach is to print so much money that they inflate their way out of this.

It's hurting working men &amp; women. https://t.co/Pnm1z4ZMuY",tedcruz,Ted Cruz,en,,861,285,1349,41
2023-06-10 21:00:26+00:00,1667637872722149383,"If it's true, the corruption allegation involving Joe Biden is stunning.  

On its face, it screams of criminal bribery.¬†

Arm yourself with the facts from the latest episode of #Verdict!

https://t.co/dGPmJq694Q",tedcruz,Ted Cruz,en,['Verdict'],1628,664,3392,92
2023-06-10 18:56:19+00:00,1667606636603625473,üò¨,tedcruz,Ted Cruz,art,,72,39,279,2
2023-06-10 18:53:04+00:00,1667605820614356992,"I want to congratulate Jason Owens & wish him well as Border Patrol Chief. The brave men and women of Border Patrol do heroic work in spite of tremendous challenges & we're thankful for their service to our Nation. 

Jason & his wife Cassy are true patriots who love Texas & America.",tedcruz,Ted Cruz,en,,77,64,601,2
2023-06-10 17:13:14+00:00,1667580695852531713,"If you're a Democrat who wants Joe Biden to get reelected, you can't run on his record‚Äîit's terrible. 

You can't run on the economy, immigration, foreign policy, or crime because everything Biden touches substantively has gone to crap.¬†

https://t.co/dGPmJq694Q",tedcruz,Ted Cruz,en,,2281,763,4179,108
2023-06-10 13:35:20+00:00,1667525858179923968,"Democrats put partisan loyalty above everything.

There's not a Democrat in Congress who wants to know if there is evidence that Joe Biden took bribes or what the evidence is.¬†

They don't care. #Verdict 

https://t.co/dGPmJq694Q",tedcruz,Ted Cruz,en,['Verdict'],2421,1310,5698,145
2023-06-10 02:28:29+00:00,1667358039479918594,God bless the great grassroots warriors of Texas!,tedcruz,Ted Cruz,en,,199,63,584,3
2023-06-09 23:02:40+00:00,1667306244267188226,"Merrick Garland has a sense of self-righteous entitlement. He believes he doesn‚Äôt answer to anybody. 

He picks which laws to follow. He ignores the laws he doesn't want to follow.#Verdict 

https://t.co/P7fiqD5CxV",tedcruz,Ted Cruz,en,['Verdict'],2925,1330,5754,222
2023-06-09 21:35:14+00:00,1667284241258893313,"This is asinine. 

They‚Äôve literally banned ‚Äúboys‚Äù &amp; ‚Äúgirls‚Äù in Canada.",tedcruz,Ted Cruz,en,,670,837,3760,69
2023-06-09 20:26:19+00:00,1667266899665727489,"If any reporter had a shred of integrity, he would listen to Joe Biden asking, ""Where's the money?"" &amp; respond, ""I'm going to find that money.""

None of them want to. They don't care if Joe Biden was receiving bribes. Why? 

It's all about power. #Verdict https://t.co/dGPmJq694Q",tedcruz,Ted Cruz,en,['Verdict'],1436,1266,6268,90
2023-06-09 18:43:28+00:00,1667241015403749376,"Don't miss the latest episode of #Verdict, where @benfergusonshow and I analyze &amp; explain everything you need to know about the Trump indictment. 

Tune in now, wherever you get your podcasts! https://t.co/P7fiqD6ant https://t.co/ySljDD53BD",tedcruz,Ted Cruz,en,['Verdict'],785,228,1102,34
2023-06-09 18:33:14+00:00,1667238437873758208,"‚ÄòMerrick Garland Hates Donald Trump‚Äô: Ted Cruz Furious, Sad Over Trump‚Äôs Indictment | Daily Caller https://t.co/p1AhX3XkJG",tedcruz,Ted Cruz,en,,1228,164,893,37
2023-06-09 16:39:49+00:00,1667209896872296533,Ted Cruz: Trump Indictment an ‚ÄòAssault on Democracy‚Äô | Breitbart https://t.co/kZRPWRXgkN,tedcruz,Ted Cruz,en,,4066,1946,9818,252
2023-06-09 16:19:52+00:00,1667204877649588225,"Merrick Garland is going to go down in disgrace as the most partisan &amp; political Attorney General in our nation's history. 

More analysis of the Trump indictment on the latest episode of #Verdict with @BenFergusonShow! https://t.co/P7fiqD6ant https://t.co/LRtLoxWvFF",tedcruz,Ted Cruz,en,['Verdict'],2253,1024,4671,136
2023-06-09 16:19:38+00:00,1667204819847659530,"Lamest ‚Äúrebuttal‚Äù ever.

Stalin didn‚Äôt ‚Äúindict‚Äù people either. His henchmen did. Just like Biden‚Äôs. 

Dictatorships &amp; banana republics try to imprison their predecessors &amp; opponents.

Especially for a ‚Äúcrime‚Äù that BIDEN HIMSELF committed, keeping classified docs in his garage!",tedcruz,Ted Cruz,en,,2095,905,3685,139
2023-06-09 15:23:54+00:00,1667190793159802884,Cruz Targets ESG and DEI Policies With New Bill | The Messenger https://t.co/vlwLusJaL8,tedcruz,Ted Cruz,en,,161,138,896,8
2023-06-09 14:33:38+00:00,1667178141209571330,Ted Cruz: 'Enormous Damage to Rule of Law' | Newsmax https://t.co/YgUeE7doew,tedcruz,Ted Cruz,en,,532,110,524,18
2023-06-09 14:27:56+00:00,1667176709441896448,"Consumers should have more choices, not fewer. 

@EdMarkey &amp; I are working to ensure that AM radio continues to be available for the millions of Americans who want to listen to it in their cars and trucks every day. 

Read our new op-ed now. https://t.co/QO3yyGuNVE",tedcruz,Ted Cruz,en,,86,49,273,7
2023-06-09 13:12:07+00:00,1667157627757899776,"The Trump indictment is shameful &amp; disgraceful. 

In over two centuries of our nation's history, no new president has ever launched the entire machinery of justice on a vendetta to persecute, attack, investigate, indict, &amp; jail the former president. 

https://t.co/P7fiqD5CxV",tedcruz,Ted Cruz,en,,9087,2958,13432,662
2023-06-09 11:53:45+00:00,1667137907415474176,"TRUMP INDICTMENT: Everything You Need to Know About the Biden DOJ‚Äôs Latest Corrupt Attack

Tune in now to the latest episode of #Verdict.
https://t.co/P7fiqD5CxV",tedcruz,Ted Cruz,en,['Verdict'],573,418,1791,36
2023-06-09 01:29:31+00:00,1666980812351320069,"Indicting Donald Trump is the culmination of what Merrick Garland has been pushing for since he became Attorney General. 

The weaponization of our Department of Justice against enemies of the Biden admin. will do enormous damage to the rule of law &amp; have a lasting impact.",tedcruz,Ted Cruz,en,,4584,1809,7760,280
2023-06-08 22:25:38+00:00,1666934538184916992,"This Department of Justice is the most political we've ever seen.

Merrick Garland has corrupted the machinery of government.

He's the most partisan Attorney General in our nation's history. https://t.co/fg004rL3dl",tedcruz,Ted Cruz,en,,815,307,1302,33
2023-06-08 21:49:05+00:00,1666925339572944896,"The President of the United States has an obligation to be transparent with the American people. 

Any journalist with a shred of integrity ought to go and start practicing journalism instead of spreading propaganda on behalf of the regime. https://t.co/mDvZl1hVvK",tedcruz,Ted Cruz,en,,303,331,1433,23
2023-06-08 19:46:10+00:00,1666894405809127424,It's easy to be this flippant towards serious corruption allegations when you know your team of left-wing partisans will protect you at both the Department of Justice and in the corporate media.,tedcruz,Ted Cruz,en,,2206,1346,5753,124
2023-06-08 19:36:56+00:00,1666892083301343248,"We know that up to a dozen Biden family members have received millions of dollars from foreign entities.

I don't know anyone else in public life with a similar family situation.

 It is utterly bizarre. #Verdict

https://t.co/hQXEphFOUm",tedcruz,Ted Cruz,en,['Verdict'],2853,1491,6427,153
2023-06-08 16:52:01+00:00,1666850582030581761,"üî•üî•üî•

Powerful. RFK Jr is one of the very few Dems willing to go to the border &amp; call out the humanitarian disaster that is unfolding with the #BidenBorderCrisis 

WATCH:",tedcruz,Ted Cruz,en,['BidenBorderCrisis'],741,1048,5401,54
2023-06-08 15:03:22+00:00,1666823238775631872,"The corporate media doesn't care that there is alleged corruption in the White House. 

Apparently reporters don't exist anymore.

Catch up on the latest episode of #Verdict wherever you get your podcasts. https://t.co/hQXEphFOUm https://t.co/pJOYhHz11f",tedcruz,Ted Cruz,en,['Verdict'],430,349,1572,21
2023-06-08 13:08:12+00:00,1666794255874940931,"Pat was a friend who lived a truly inspirational life guided by faith &amp; in constant service to the Lord. 

He leaves behind a rich legacy that touched millions of lives &amp; will continue to flourish for generations. 

My thoughts &amp; prayers are with his family &amp; loved ones.",tedcruz,Ted Cruz,en,,558,101,841,38
2023-06-08 01:47:53+00:00,1666623047653048322,Ted Cruz TORCHES Leftist Group for Demonizing Moms for Liberty | Daily Signal https://t.co/6aOYUowxv8,tedcruz,Ted Cruz,en,,569,393,2134,31
2023-06-08 01:39:35+00:00,1666620957639802882,"Under Merrick Garland, the Department of Justice doesn't even have to pretend that their responsibilities are anything other than running interference for the radicals running amok in the Biden administration.",tedcruz,Ted Cruz,en,,261,458,1807,19
2023-06-08 00:14:48+00:00,1666599622528172034,"The Southern Poverty Law Center is a profoundly dishonest, rabidly partisan organization. 

Their whole business model relies on left-wing billionaires writing them big checks so they can tar anyone right of center &amp; liken them to hate groups. #Verdict 

https://t.co/HMjJsbsNLR",tedcruz,Ted Cruz,en,['Verdict'],351,428,1789,20
2023-06-07 22:50:18+00:00,1666578358279233545,üöÄüöÄüöÄüöÄ,tedcruz,Ted Cruz,art,,28,17,109,0
2023-06-07 21:16:21+00:00,1666554715012837376,"The role Instagram &amp; its tech is reportedly playing in promoting child sex abuse online is shocking &amp; vile. 

Earlier this year, I launched a probe into Big Tech‚Äôs recommendation algorithms to address concerns like this &amp; others. We need transparency from these companies.",tedcruz,Ted Cruz,en,,85,118,452,2
2023-06-07 20:32:26+00:00,1666543662480646145,"The Biden White House knows their foreign policy failures caused the war in Ukraine.

Arm yourself with the facts as @benfergusonshow and I do a deep dive into the latest reporting on who blew up the Nord Stream 2 pipeline and why it matters. #verdict  https://t.co/hQXEphFOUm",tedcruz,Ted Cruz,en,['verdict'],234,117,547,15
2023-06-07 18:07:57+00:00,1666507300004044812,"The FBI is facing a crisis of integrity. 

Chris Wray believes he's defending the FBI by not handing material over. 

His job is not to protect the hardcore left-wing partisans who burrowed into senior career positions‚Äîit's to uphold the rule of law & the Constitution.https://t.co/KQg4xkDus6",tedcruz,Ted Cruz,en,,2378,1963,10657,178
2023-06-07 15:55:33+00:00,1666473981740761094,Cruz Highlights Bombshell MRC Report: ‚ÄòThese Are the Radicals‚Äô Funded by Biden DHS | MRC NewsBusters https://t.co/YStpkmsJCD,tedcruz,Ted Cruz,en,,52,99,383,2
2023-06-07 14:38:54+00:00,1666454692149305345,"The Southern Poverty Law Center is a radical left-wing hate group. 

They hate America. They hate conservatives. They hate the Constitution. They hate the Bill of Rights. They hate moms. They hate dads. 

They hate anyone who stands up for this country. https://t.co/hQXEphFOUm https://t.co/zoh2LOtNWa",tedcruz,Ted Cruz,en,,1041,663,2655,61
2023-06-07 13:15:33+00:00,1666433715914850305,"There are many things that are frustrating about the war in Ukraine. The most fundamental is that it was utterly preventable. 

This war did not have to happen. It was caused by Biden's weakness &amp; complete capitulation to Russia. #Verdict https://t.co/hQXEphFOUm",tedcruz,Ted Cruz,en,['Verdict'],538,321,1604,34
2023-06-07 12:41:11+00:00,1666425068228943872,Ted Cruz: ‚ÄòMatt Walsh Has Done Heroic Efforts Exposing What‚Äôs Going On‚Äô With Radical Trans¬†Ideology | Daily Wire https://t.co/G5QD5NgsOY,tedcruz,Ted Cruz,en,,393,510,4026,24
2023-06-07 11:32:38+00:00,1666407814678339584,"Did Biden Lie to America Over Nord Stream Pipeline plus FBI Dir. to be Held in Contempt of Congress &amp; SPLC targets Moms

All this on the latest episode of #Verdict out now! https://t.co/HMjJsbsNLR",tedcruz,Ted Cruz,en,['Verdict'],177,154,853,11
2023-06-07 02:13:15+00:00,1666267044164116480,"I believe there are two things driving our border crisis.

One, the Biden White House has handed the policy agenda on everything to the radical left. 

Second, Democrats view the 6.6 million people who have crossed illegally under Joe Biden as future Democrat voters. https://t.co/k7RKQqbxh5",tedcruz,Ted Cruz,en,,428,331,1551,31
2023-06-06 23:58:51+00:00,1666233220818522114,"Early on, the Biden admin ran away from a plan to give crack pipes to junkies after public backlash. 

Now, Philadelphia and New York are doing exactly that. It's a surrender to the drug epidemic that Democrat policies caused. https://t.co/4jTkKCZh5K",tedcruz,Ted Cruz,en,,260,164,753,8
2023-06-06 22:20:38+00:00,1666208501549391886,"Since the start of 2023, exactly three non-judicial Biden nominees have been defeated in the Senate. All of them were defeated in the Senate Commerce Committee, where I'm the ranking member.

 Their records were incompatible with the jobs to which they'd been nominated. https://t.co/4N4ZEUBMEw",tedcruz,Ted Cruz,en,,172,113,721,4
2023-06-06 20:58:17+00:00,1666187777531080706,https://t.co/0PnScjNdmG,tedcruz,Ted Cruz,zxx,,20,39,240,1
2023-06-06 20:58:13+00:00,1666187761324367873,"Absurd.

The Southern Poverty Law Center cares more about silencing parents who want to have a say in their children‚Äôs education than they care about a violent domestic terrorist among their own ranks.",tedcruz,Ted Cruz,en,,259,340,1562,21
2023-06-06 19:36:25+00:00,1666167178402340866,"The Biden admin has no interest in protecting Texas border communities. 
They've shown that in deed, & now in word. 

It's clear they only want to protect their voters in liberal enclaves. That‚Äôs why I've pushed for new ports of entry where they host their precious cocktail parties.",tedcruz,Ted Cruz,en,,1117,573,3698,69
2023-06-06 17:10:20+00:00,1666130413419364358,Ted Cruz Says ‚ÄòAngry‚Äô Merrick Garland Wants Trump¬†Indicted | Daily Wire https://t.co/jBaDKDviHY,tedcruz,Ted Cruz,en,,616,351,1667,41
2023-06-06 16:31:26+00:00,1666120626099175425,"Cruz: Merrick Garland the ‚ÄòMost Partisan,‚Äô ‚ÄòMost Political‚Äô Attorney General in U.S. History | Breitbart News https://t.co/u8PUdYjvqU",tedcruz,Ted Cruz,en,,772,509,2454,40
2023-06-06 14:43:38+00:00,1666093496787406848,"The dirty little secret is most Republican officeholders are terrified to talk about the radical left's transgender ideology.  

It's simple‚Äîwe should protect our children. #Verdict https://t.co/dPhJ9fOgmj",tedcruz,Ted Cruz,en,['Verdict'],719,196,943,72
2023-06-06 14:26:49+00:00,1666089264680140800,Cruz predicts Garland will indict Trump out of spite: 'Angry that he wasn't confirmed to the Supreme Court' | Washington Examiner  https://t.co/5Nkz7eHMxa,tedcruz,Ted Cruz,en,,2555,1401,5572,158
2023-06-06 13:34:24+00:00,1666076070838251522,"This #DDay, we reflect on the heroism displayed by the tens of thousands of allied forces who landed on the beaches of Normandy. 

We must never forget their efforts &amp; sacrifices.",tedcruz,Ted Cruz,en,['DDay'],178,176,1271,10
2023-06-06 13:20:02+00:00,1666072455956275200,"Merrick Garland has corrupted the Department of Justice and effectively turned it into an arm of the Democratic National Committee. 

The FBI and DOJ want to protect and insulate Joe Biden and the Biden family's corruption. https://t.co/OEuqqubsYP",tedcruz,Ted Cruz,en,,1196,687,2420,70
2023-06-06 01:44:23+00:00,1665897389088182274,I have a message for Chris Wray‚Äîthe FBI works for the American people. The American people have a right to have accountability and to know if there is evidence that President Biden was personally involved in bribery from a foreign nation. https://t.co/rsRACJddMj,tedcruz,Ted Cruz,en,,2034,1517,5820,129
2023-06-06 00:37:02+00:00,1665880440606171136,"When it comes to Congress, Chris Wray has a very limited view of accountability. He has a view that the FBI is above reproach and how dare anyone ask what the hell they're doing. 

New episode of #Verdict out now wherever you get your podcasts! https://t.co/zhqceE67Rp https://t.co/aBzjj8XksW",tedcruz,Ted Cruz,en,['Verdict'],264,294,1301,16
2023-06-06 00:01:01+00:00,1665871378346639360,"The FBI &amp; DOJ have never been held in lower regard than they are today. That's not good for America. 

We want a strong, vibrant, &amp; effective FBI &amp; a DOJ that is targeting bad guys &amp; enforcing the law‚Äînot targeting the enemies of the White House. https://t.co/zhqceE5A1R",tedcruz,Ted Cruz,en,,618,454,2475,39
2023-06-05 20:56:18+00:00,1665824890409156608,"My view is simple‚Äîwe should protect children. No child, no eight, nine, or ten-year-old, has the emotional maturity to make a decision that is life-altering. 

It is abhorrent &amp; wrong for a bunch of sadistic Marxists to sterilize &amp; mutilate our children. https://t.co/VxzqoskZlP",tedcruz,Ted Cruz,en,,1286,944,5423,101
2023-06-05 19:04:25+00:00,1665796733874450437,"The FBI is, again, telling the American people, ‚ÄúWe're the FBI, and we can do whatever the hell we want.‚Äù

That is profoundly harmful to the rule of law and the fair and impartial administration of justice.",tedcruz,Ted Cruz,en,,1396,1508,5891,114
2023-06-05 17:21:52+00:00,1665770927089393664,"I've told Chris Wray when he protects the hardcore partisans who have corrupted the FBI‚Äîhe is hurting the institution. 

If he cared about the FBI, he wouldn't protect them‚Äîhe would hold them accountable and clean house.

That's what needs to happen. https://t.co/zhqceE5A1R",tedcruz,Ted Cruz,en,,634,505,2775,48
2023-06-05 16:59:48+00:00,1665765375139618817,Viva Cuba Libre! üá®üá∫,tedcruz,Ted Cruz,es,,59,30,208,0
2023-06-05 14:55:06+00:00,1665733993545842689,"The facts are simple‚Äîan informant told the FBI they had evidence that Joe Biden was involved in a $5 million bribery scheme involving a foreign country. 

Today, top House Oversight leaders will see the documents. More on the latest episode of #Verdict! 

https://t.co/zhqceE5A1R",tedcruz,Ted Cruz,en,['Verdict'],888,726,3266,51
2023-06-05 13:15:50+00:00,1665709013495840769,"2/x Leviticus also tells us: ‚ÄúFor anyone who curses his father or his mother shall surely be put to death.‚Äù  

Should the govt execute every child who‚Äôs disrespectful to his parents?

That ignores Grace & the New Testament.  As our Savior taught us, 

‚ÄúLet he that is without sin among you, let him first cast a stone at her.‚Äù",tedcruz,Ted Cruz,en,,271,98,2276,108
2023-06-05 13:15:02+00:00,1665708809304547328,"1/x Pastor, I don‚Äôt know you, but I honor your ministry.

Your biblical analysis is in error. Jesus told us to ‚Äúrender to Caesar the things that are Caesar‚Äôs, and to God the things that are God‚Äôs.‚Äù

We are talking the laws of man, not the Old Testament laws of God.

Do you really believe that the US govt should execute every person who is gay??",tedcruz,Ted Cruz,en,,953,251,3541,692
2023-06-05 12:32:36+00:00,1665698130921226241,"Again??

Non-binary ex-Biden official Sam Brinton arrested for yet another baggage theft | Fox News https://t.co/ROpuRy1nre",tedcruz,Ted Cruz,en,,740,397,2350,49
2023-06-05 12:30:58+00:00,1665697721204760576,this is the problem,tedcruz,Ted Cruz,en,,2400,3308,13022,252
2023-06-05 11:34:37+00:00,1665683539285753857,"FBI Turns Tail on Biden Corruption &amp; NYT Blames Kids' Mutilation on Conservatives 

New episode of #Verdict with @benfergusonshow out now!

https://t.co/VxzqoskZlP https://t.co/2wDXTmke9Y",tedcruz,Ted Cruz,en,['Verdict'],242,229,956,12
2023-06-05 02:14:35+00:00,1665542601720692736,"Get a sneak peek of the latest episode of #Verdict. 

Tune in tomorrow morning wherever you get your podcasts! https://t.co/8AYl2gqfj0 https://t.co/pRCfrJmizU",tedcruz,Ted Cruz,en,['Verdict'],137,88,534,6
2023-06-04 21:33:11+00:00,1665471788019589120,üò≥  My father definitely didn‚Äôt kill Jimmy Hoffa‚Ä¶. https://t.co/OEPtJ81ap4,tedcruz,Ted Cruz,en,,148,67,504,6
2023-06-04 20:27:06+00:00,1665455155674750979,"2/x The US should be holding accountable the thugs who engage in these atrocities, instead of the weakness and appeasement being showcased by the Biden administration.",tedcruz,Ted Cruz,en,,50,58,393,4
2023-06-04 20:27:05+00:00,1665455153581809664,"1/x The Chinese Communist Party cannot tolerate any dissent, because the ongoing calls for freedom from dissidents pose a daily threat to the CCP's totalitarianism and brutality. https://t.co/JpJxvkxtWV",tedcruz,Ted Cruz,en,,115,121,559,5
2023-06-04 17:37:24+00:00,1665412451263807489,Leftist‚Äôs soft-on-crime policies are killing the American dream.,tedcruz,Ted Cruz,en,,518,288,1638,24
2023-06-04 15:14:01+00:00,1665376366978801666,"The corporate media is profoundly corrupt. They view their mission as propagandists for the left wing of the Democrat Party. 

They will not cover the overwhelming evidence of corruption within the Biden family. https://t.co/dvtMurpVow",tedcruz,Ted Cruz,en,,2047,582,2568,104
2023-06-04 12:30:46+00:00,1665335282164482049,Senator Cruz‚Äôs Push To Save AM Radio | Fox News Radio https://t.co/OnpLy0oD2k,tedcruz,Ted Cruz,en,,185,67,379,8
2023-06-03 23:46:43+00:00,1665143002585595905,"There's a reason that President Biden and the Democrats were popping champagne and celebrating after the debt deal passed. 

They got Republican leadership to roll over and fund almost the entirety of their Green New Deal agenda. https://t.co/XjvJAjVIIU",tedcruz,Ted Cruz,en,,797,437,1810,47
2023-06-03 21:12:23+00:00,1665104161988567045,It is unfortunate that Christopher Wray has circled the wagons defending the corrupt and hardcore partisans that have burrowed into senior positions at the FBI. https://t.co/jm59GTanVH,tedcruz,Ted Cruz,en,,651,260,1366,27
2023-06-03 18:36:07+00:00,1665064838278651904,Sen. Cruz to Newsmax: Wray Buckling Is Win for House GOP https://t.co/I3K4NJpvWP,tedcruz,Ted Cruz,en,,270,71,561,7
2023-06-03 15:44:44+00:00,1665021708078571521,"The Biden-McCarthy debt deal was a lousy one.

Catch the latest episode of #Verdict  @benfergusonshow and I recorded right after the contentious Senate vote. https://t.co/9RqULf3K2s https://t.co/5qkRJ9cAgW",tedcruz,Ted Cruz,en,['Verdict'],245,119,722,19
2023-06-03 12:51:17+00:00,1664978057902403584,"Liberal Democrats hate energy. They hate oil and gas‚Äîany American energy produced here unless it's windmills or solar. 

So why did a number of them vote in favor of a natural gas pipeline this week? Tune into the latest episode of #Verdict to find out. 

https://t.co/9RqULf3K2s",tedcruz,Ted Cruz,en,['Verdict'],912,376,1762,36
2023-06-03 00:46:33+00:00,1664795671226990593,"Every single amendment to the disastrous Biden-McCarthy debt deal the Senate considered was voted down. 

That was by design. They wanted to change nothing.

Tune in the latest episode of #Verdict for the inside scoop on yesterday‚Äôs vote. 

https://t.co/9RqULf3K2s",tedcruz,Ted Cruz,en,['Verdict'],243,127,633,8
